miamifeedback@miamiherald.com,
mariatettamanti@gmail.com,
H0889@sofitel.com,
info@daddyomiami.com,
info@hotelmiami.com,
miamiinfo@conradhotels.com, 
salesmiarm@hyatt.com,
reservations@rubellhotels.com,
aferguson@thepalmshotel.com,
userexperience@hotels.com,
miami@interconti.com,
sales@miamihotel.co.uk,
reservations@hamptoninncoconutgrove.com,
miabb@soundhospitality.com,
info@thaimiami.com,
time@12.00,
ixpingxi@hotmail.com,
join-hotdeals@lists.hotelaccommodations.com,
info@midtowninnmiami.com,
danitroc@gmail.com,
mia@minbuza.nl,
admissions@mail.barry.edu,
admiss@fiu.edu,
expansion@bookaa.net,
sales@touramerica.ie,
info@openhospitality.com,
it@SweetHotelDeals.Info,
groups@wyndhamworldwide.com,
0123456789@.-,
paddy_jambhale@yahoo.co.in,
nywebpress@standardhotel.com,
desk@themiami.com.au,
stay@oceanfive.com,
reservations@hamptoninnmiamiairport.com,
booking@Expedia.com,
sales@hamptoninnmiamiairport.com,
marketing@clevelander.com,
reserve@beachplazahotel.com,
price@Priceline.com,
webmaster@miami.edu,
umcommunications@miami.edu,
out@www.hotels.com,
Shanti.Jetwani@marriott.com,
vijay.baviskar@marriott.com,
mailtvijay.baviskar@marriott.com,
customercare@a1-discount-hotels.com,
sales@clevelander.com,
entertainment@clevelander.com,
guaranteed@Hojo.com,
booking@hojo.com,
info@colonymiami.com,
res@quikbook.com,
thomas.freeman@bookit.com,
your@address.com,
berlin@bookaa.net,
tips@oyster.com,
daysinnoceansidereservation@cghcorp.com,
brussels@bookaa.net,
free2rhyme@yahoo.com,
biancavip@lightmia.com,
webmaster@articlesnatch.com,
Rentals@Rentalo.com,
admission@muohio.edu,
the-redbury-@-hollywood-and-vine-los-angeles-guestroom-5043.jpg,
Discounts@www.hugehotels.com,
raj.karan@bookit.com,
wjb@nytimes.com,
cdean@nytimes.com,
tierneylab@nytimes.com,
ROOFTOPMIAMI@TOGRP.com,
your@email.com,
Holiday_Inn_SARASOTA-LIDO_BEACH-@THE_BEACH.h26805,
LapisSpa@fontainebleau.com,
lapisspa@fontainebleau.com,
marketing@circa39.com,
cx_mifl@countryinns.com,
setai@ghmamericas.com,
Reservations@305.520.6110,
info@howardjohnsonny.com,
info@hoteldays.com,
tholloway@ghmamericas.com,
cheapoairsm@cheapoair.com,
asinger@cheapoair.com,
affiliates@CheapOair.com,
fritz@beaconsouthbeach.com,
veronika@beaconsouthbeach.com,
denise@gmcvb.com,
tourism@gmcvb.com,
doug@midtowninnmiami.com,
site@www.MiaHotel.com,
odr@muohio.edu,
webmaster@muohio.edu,
alison@purplepr.com,
viceroypress@laforce-stevens.com,
it@HotelTravel.com,
expense@6.30am,
why@bigcityhotels.net,
vacation@bigcityhotels.net,
tips@hotelchatter.com,
editor@hotelchatter.com,
registration@fodors.com,
h1726@sofitel.com,
dave@bootsnall.com,
jessica@bootsnall.com,
katie@bootsnall.com,
press@Hostelworld.com,
press@hostelworld.com,
H1295@sofitel.com,
Online@Hyatt.com,
close@1.30,
customerservice@cruises.travelnow.com,
rooms@Motel.com,
admin@calle.com,
spa@groveisle.com,
us@305.424.5226,
info@hostelmiamibeach.com,
cindy.brewster@kimptongroup.com,
sales@epichotel.com,
Investments@Banks.com.au,
reached@MiamiHerald.com,
gkaras@fontainebleau.com,
PC.APCRO@ichotelsgroup.com,
PriorityClub@ichotelsgroup.com,
generalmanager15358@wynhg.com,
provided@1.5,
partner@venere.com,
e_opt_out@hilton.com,
security.investigations@hilton.com,
open@7.30am,
reservations@crshotels.com,
bizdev@gayot.com,
jobs@touramerica.ie,
20120204T234001CET-9047zOm758@hospitalityebusiness.com,
20120204T234001CET-9238U8TH3L@hospitalityebusiness.com,
20120204T234001CET-9029hHF0Z5@hospitalityebusiness.com,
advertising@gayot.com,
webmaster@shermnastravelmedia.com,
editorial@shermnastravelmedia.com,
editorial@shermanstravelmedia.com,
JOBS@GAYOT.COM,
inter.mia@realhotelsandresorts.com,
Reservations@luxurycollection.com,
dbcvip@lightmia.com,
delanocabana@morganshotelgroup.com,
service@hotelguides.com,
feedback@CheapOstay.com,
groupsmexro@ihg.com,
emeagroupscentre@ihg.com,
raul.aguilera@ihrco.com,
cx_zion@countryinns.com,
cx_wtrl@countryinns.com,
shirts@foursquarestore.com,
Advertising@CheapOstay.com,
advertising@CheapOstay.com,
info@hamptoninnmiamiairport.com,
marketing@miami-airport.com,
it@internationalhoteldeals.info,
philippeb@rubellhotels.com,
contact@hotelsfirst.com,
available@Earth-Hotels.com,
articles@Earth-hotels.com,
Questions@Earth-Hotels.Com,
gear@audi-collection.com,
online@HotelRoomKing.com,
copyright@starwoodhotels.com,
found@www.state.gov,
concierge@turnberryislemiami.com,
contact@tvtrip.com,
john@hotmail.com,
reservations@oneluxuryhotels.com,
bookings@Hotels.com,
melindaw@goldmanproperties.com,
michellef@goldmanproperties.com,
hollywood@standardhotel.com,
NYreservations@standardhotel.com,
webmaster@laquinta.com,
reservation@Expedia.co.jp,
privacy@nethotels.com,
today@BestWestern.com,
Specials@Marriott.com,
Destinations@ARESTravel.com,
more@ARESTRavel.com,
Rooms@ARESTravel.com,
cesar@rubellhotels.com,
rleslie@miami-airport.com,
info@destinationcoupons.com,
leah@destinationcoupons.com,
coupons@DestinationCoupons.com,
affiliates@bestwestern.com,
info@street-directory.com.au,
windows@all...which,
info@kingandgrove.com,
Recommender@Frommers.com,
customer.service@booking.com,
phfgbzre.freivpr@obbxvat.pbz,
info_publicidad@rumbo.pt,
Info_advertising@rumbo.com,
info_publicidad@rumbo.es,
aferguson@circa39.com,
Hotel@Oyster.com,
info@HotelTravel.com,
spa@oneluxuryhotels.com,
massispagnoli@hotamil.com,
reply@travelnow.com,
patrizia.sieli@budgetplaces.com,
claudia.dominguez@budgetplaces.com,
victor.lopez@budgetplaces.com,
dcandreva@hotelurbano.com,
emcgrath@hotelurbano.com,
affiliates@cheaptickets.com,
weddings@groveisle.com,
marketing@muchoviaje.com,
support@website.informer.com,
late@night....they,
available@1pm...asked,
guaranteed@BestWestern.com,
info@Travel2ChinaInfo.COM,
SKYBARRESERVATIONS@MORGANSHOTELGROUP.COM,
save@Getprice.com.au,
mmccartney@groveisle.com,
Exclusive@BookIt.com!,
reservations@hotelurbano.com,
us@305.673.3373,
reservation@pelicanhotel.com,
info@pelicanhotel.com,
Rooms@Hostelworld.com,
mytrips@kayak.com,
trips@kayak.com,
plans@kayak.com,
free@ArticleSnatch.com,
hampton-inn-and-suites-@-doral-hotel.html,
info@planetware.com,
Italian@0.16,
Chinese@0.11,
German@0.18,
clientservices@qype.com,
en_feedback@qype.com,
more@JustLuxe.com,
info@cambean.com,
rateguarantee@hotelscombined.com,
clubmembership@turnberryislemiami.com,
info@alternateimage.com,
concierge@clintonsouthbeach.com.NEW,
fridays@thefalls-150x46.jpg,
news@miamiflonthecheap.com,
info@miamiflonthecheap.com,
privacy@wego.com,
National@Oyster.com,
ukpr@expedia.com,
fred.garcia@southbeachgroup.com,
web@worldontrial.psu.edu,
2012-02-01@3.33.17,
fifteenoone@bartong.com,
anna@normans.com,
heather@beyondthelights.org,
press@orbitz.com,
boxoffice@miamicityballet.org,
puttigger@aol.com,
H1295@accor.com,
info@skansen.se,
discounts@bestwestern.com,
resa@lebristolparis.com,
Movers@Relocation.com,
scottg@about.com,
info@fifocapital.com,
ulp6@bigpond.com,
eventos@hrcc.com.co,
munich_merch@hardrock.com,
munich_sales@hardrock.com,
info@hamptoninncoconutgrove.com,
SGLwein@aol.com,
explore.@Motel.com,
webmaster@gmcvb.com,
press@foursquare.com,
groups@hotels.com,
DeafSpringbreak@gmail.com,
DeafWOWBreak@gmail.com,
affiliates.support@wego.com,
dean@wego.com,
customerservice@hros.info,
world@vienna-hotels.html,
Info@MiamiLodgeRealty.com,
info@miamilodgerealty.com,
linkexchange@Miami-stay.com,
info@bluemoonhotel.com,
trip@Wyndham.com,
advertising@travelnow.com,
not@required.com,
Rates@Wyndham.com,
acase@casenet.com,
kelly@gltenergy.com,
aurelia.vasquez@ihg.com,
woken@6.15,
Miami@Prontohotel.com,
info@miamihotelscollinsavenue.com,
us@Canberra.hotel.com.au,
us@Perth.hotel.com.au,
available@CRSHotels.com,
hakan@crshotels.com,
!cid_BF724E5F-35B4-4285-9F9E-28D2FF895FAF@local.jpg,
ends@woodstone-homes.com,
alumniweb@miami.edu,
Page@www.casenet.com,
link@holidaycity.com,
booking@bestdubaiholidays.com,
lobby@1.30,
hotel@radissonblustylehotelvienna.et.html,
time@Hilton.We,
info@visitkissimmee.com,
builder@buildingpros.com,
reservations@gomiamibeach.com,
running@midnight.You,
page@otel.com,
hotels@otel.com,
sales@hamptoninncoconutgrove.com,
de@HotelTravel.com,
rewards@beaconsouthbeach.com,
Lodging@RxperienceProject.com,
Articles@Blog.com,
sandy@Communications4Good.com,
biltmorefitness@biltmorehotel.com,
community@frommers.com,
instantly@otel.com,
reservations@quarzomiamihotel.com,
feel@home.The,
sschmidt@krepspr.com,
privacyquestions@aol.com,
reservations@RitzCarlton.com,
Registration@filestube.com,
support@custhelp.mapquest.com,
customers@ian.com,
HostelHelpDesk@HostelBookers.com,
info@choicehotels.com,
pjskidoo@webtv.net,
csoverns@evergladestours.com,
for@FilesTube.com,
info@ibiza-spotlight.com,
stickers@moo.com,
Subscribe@monocle.com,
parking@20.00,
accuracy@usatoday.com,
reservations@groveisle.com,
emailnewsletters@usatoday.com,
editor@usatoday.com,
shariflabo@gmail.com,
vacancy@17.7,
vacancy@18.8,
vacancy@18.9,
tnow@travelnow.com,
reply@MiamiHotels.com,
sofitel_miami@accor-hotels.com,
and@10.80,
Cristina@MLR-Realty.com,
mhrs.miabb.dom@marriott.com,
in@9.30,
Mike.Nalborczyk@hilton.com,
look4luis@gmail.com,
HostelHelpDesk@hostelbookers.com,
october@12.30,
woken@6.30am,
Support@HostelBookers.com,
me@ball...will,
info@hoteldorchester.com,
News@CruiseCritic.com,
PriceGuarantee@ebookers.ie,
community@cruisecritic.com,
help@cruisecritic.com,
up@you...you,
info@emeraldcitycomicon.com,
ugamedia@wirehub.nl,
visitor@baselworld.com,
info@bt1.lv,
work@Disney...Suggestions,
copyright@dopplr.com,
events@alexanderhotel.com,
info@mlr-realty.com,
jcd2000@hotmail.com,
support@filestube.com,
consistently@99.995,
feel@home.LocationLocated,
hire@ebookers.ie,
up@06.30am,
dlopez@alexanderhotel.com,
MCG@extendedstay.com,
james.florence@bbc.com,
james.florence@immediatemedia.co.uk,
joy.robins@bbc.com,
jose.torres2@hilton.com,
Mark.Cakmak@hilton.com,
activities@www.conchrepublic.com,
privacy@gogobot.com,
moc.xamvt@sllew.guod,
moc.tnegilet@ilotan.irret,
info@bebitalia.co.uk,
r_o_o_m_s@downtown-miami-hotels.com,
privacy@hcareers.com,
general@biltmorehotel.com,
pr@biltmorehotel.com,
Arrived@9.10pm,
here@tripadvisor.com,
resistance@1.571,
resistance@1.5715,
mySpa.miami@ihg.com,
jrivera@alexanderhotel.com,
stephanie.luttringhaus@kimptongroup.com,
lani@msilver-pr.com,
stacey.ellis@kimptongroup.com,
Designer@Ancestry.com,
customer.service@venere.com,
member@Venere.com,
address@domain.com,
steve.pinetti@kimptongroup.com,
guard@11.30,
contact@travelpost.com,
viptables.miami@nikkibeach.com,
reservations.miami@nikkibeach.com,
UK@TodayTourism.com,
talita@daddyohotel.com,
martin@daddyohotel.com,
clubbing@ibiza-spotlight.com,
bdadd@hotelurbano.com,
Doug@motelblu.com,
doug@motelblu.com,
dvasquez@sunsentinel.com,
pre-ordering@www.att.com,
dhemlock@tribune.com,
expedia-nz@discovertheworld.co.nz,
site@www.fco.gov.uk,
yourname@yourisp.com,
contact@gansevoortsouth.com,
copyright@sbandg.com,
webmaster@dadeschools.net,
guestloyalty@kimptongroup.com,
Siena@Deering.jpg,
Murano@Portofino.jpg,
Lofts@Mayfair.jpg,
available@ExtendedStayHotels.com,
click@Booked.net,
help@support.expedia.co.nz,
link_admin@hotels-in-usa.net,
24002577@N00.jpg,
flights@Expedia.co.nz,
reservations@newportbeachside.com,
salesandcatering@newportbeachside.com,
office@spsuites.com,
reservations@regencyhotelmiami.com,
top20deals@email.travelzoo.com,
marco.fuentes@urgohotels.com,
webmaster@mbetravel.com,
feedback@luxuryresorts.com,
adinfo@frommers.com,
JMarlin@mohg.com,
rrogers@mohg.com,
look@Oyster.com,
reservation@Bond.St,
mohg-giftcard@mohg.com,
info@aroma-hotel.com,
salesandcatering@newportbeachsideresort.com,
pat@barelyfitz.com,
page@Hulu.comFor,
sharonk213@hotmail.com,
Amy@407.884.2006,
directly@305.447.8256,
info@thebetsyhotel.com,
available@BookMiamiNow.com,
Miami-FB.events@ihg.com,
rpinzur@turnberryislemiami.com,
Deals@CheapRooms.com,
info@extraholidays.com,
us@305.513.0777,
ContactUs@hotel-online.com,
Michelle@hotel-online.com,
michelle@hotel-online.com,
hotels@MiamiHotelseye.com,
online@MiamiHotelseye.com,
info@miami-info.com,
miami.sales@morganshotelgroup.com,
club50@viceroyhotelsandresorts.com,
info@worldexecutive.com,
39238620@N02.jpg,
info@espiritosantoplaza.com,
buyersupport@nextag.com,
wendy.zane@morganshotelgroup.com,
friendly@all.The,
info@hotelratespro.com,
dadler@bizbash.com,
Facebook@www.facebook.com,
online@www.eqfl.org,
rooftopmiami@togrp.com,
reservations@portmiamihotels.com,
working@OneTime.com,
name@domain.ext,
info@globequarters.com,
ja...@dailymail.com,
jim@jrlenterprises.com,
available@www.moshplanetarium.org,
your_email@example.com,
deals@yelp.com,
Team@HotelsTravel.com,
legal@citygridmedia.com,
blog@gatheringguide.com,
accessories@my-wardrobe.com,
shop@dealbase.com,
Discussion@exmiami.org,
booking@elliewhite.com,
privacy@merchantcircle.com,
info@miamiwebmarketer.com,
info@theflyingtrapezeschool.com,
reinvigorate.We@www.greatestexpeditions.wordpress.com,
JuanAntunez@Keyes.com,
is@Radisson.com,
tips@miaminewtimes.com,
community@miaminewtimes.com,
privacyadministrator@villagevoicemedia.com,
events@1111lincolnroad.com,
44289402@N00.jpg,
volunteers@arshtcenter.org,
info@mustseenewyork.com,
money@ExtendedStayHotels.com,
advertising@hotelchatter.com,
Munich@Booked.net,
concierge@radissonfishermanswharf.com,
rhi_sffw@radisson.com,
businesses@Superpages.com,
geller.steven.web@flsenate.gov,
travel@miamibeach411.com,
Inc.@giveourstudentstheworld.org.Public,
sespinosa@arshtcenter.org,
Hip@Heart.the,
heidi@midwestrents.com,
support@miamibeach411.com,
yourfriend@email.com,
marketing@extendedstay.com,
AOL.Real.Estate.Advertising@teamaol.com,
awsorter@alm.com,
matthew@elitecitystays.com,
abuse@backpage.com,
support@backpage.com,
Site@backpage.com,
Video@6.170,
tyrrelleiland@yahoo.com,
add.barchans156@yahoo.com.than,
Angelicro@aol.com,
info@elitecitystays.com,
Jobs@Citysearch.com,
sthompson@alm.com,
reprints@remedianetwork.com,
online@Expedia.com.au,
travel@support.expedia.co.uk,
insurance@mondial-assistance.co.uk,
info@royalpalmmiamibeach.com,
sales@royalpalmmiamibeach.com,
reservations@royalpalmmiamibeach.com,
tosviolation@merchantcircle.com,
buymyyp@merchantcircle.com,
customercare@Hotel-Savings.net,
tbr@enpublishing.co.uk,
stay@all.....Nice,
Matthewb@bizbash.com,
expedia_in@discovertheworld.co.in,
expedia-_in@discovertheworld.co.in,
online@Expedia.co.in,
wmc2012club50@brickellmiamisobe.com,
advertising@brickellinfo.com,
jorgecdinc@gmail.com,
ha00889@aol.com,
info@1800hotels.com,
lasse@mapaid.com,
area@50.166,
reviews@4K.com,
go@sparq.it,
tips@bizbash.com,
videos@Tripfilms.com,
CailinONeil@Tripfilms.com,
ChibiMoku@Tripfilms.com,
LGBTsupport@kimptonhotels.com,
inter.mia@gruporeal.com,
info@istaygreen.org,
rentals@MiamiHotelseye.com,
iag@travelocity.com,
contact@miami-hotels-locator.com,
webmaster@miami-hotels-locator.com,
online@Travelocity.com,
membersupport@tripadvisor.com,
admin@overseedomainmanagement.com,
robyn.levine@teamaol.com,
info@mapquest.com,
tours@arshtcenter.org,
44458225@N00.jpg,
found@www.tsa.gov,
rhinds@sbab.dade.k12.fl.us,
deals@LAN.com,
direct@51.84.58.1200,
direct@56.55.681100,
shade@all....Would,
lynne1801@googlemail.com,
locator@RitzCarlton.com,
GCIA.reimbursement@marriott.com,
up@3.30,
email@email.com,
further!@Agoda.com,
partners@agoda.com,
BPG@agoda.com,
it@Del.icio.us,
paul.fallon@dailymail.com,
webmaster@ap.org,
free@FOXSports.com,
groups@HotelPlanner.com,
Articles@Traveldir.org,
articles@Traveldir.org,
email@data.protection,
yu_e_han@yahoo.com,
Code@HomeDepot.com,
Promotions@HomeDepot.com,
Available@OptionsXpress.com,
Today@1.877.815.5446!,
-@LowFares.com,
hbindeus@grandbeachhotel.com,
website@www.aph.com,
Miami@OneStopHotelDeals.com,
hospitalitydivision@hcareers.com,
restaurantdivision@hcareers.com,
discounts@OneStopHotelDeals.com,
vacation@southseashotel.com,
info@miamihotelreservationsdeals.com,
flat@0.1,
RSVP@alissaalvarado.com,
Melbourne@Wotif.com,
Ideas@Marriott.com,
affiliatemanager@marriott.com,
community@aexp.com,
btn@2x.8e08113b02908daa2bd83afc93474f8a.png,
ecommerce@bestwestern.com,
hotels@Wotif.com!,
online@Liveguide.com.au,
door@10.08!,
maps@mustseemiami.com,
bharti@tlflcity.com,
close@13.00,
hall@10.10,
info@win2win.co.uk,
here@kitchenelectricdirectuk.com,
Manager@Jetsetter.com,
info@osoitalodge.com,
info@thescenthotel.com,
info@ungujalodge.com,
wqwg5-2813475375@hous.craigslist.org,
ayevj-2807321909@hous.craigslist.org,
wqvrs-2813812321@hous.craigslist.org,
unannounced@12.30,
started@7.15,
Freemail@t-online.de,
Yanky5@verizon.net,
room@Booked.net,
customerservice@law360.com,
customerservice@away.com,
deals@Accorhotels.com,
affiliate-marketing-uk@accor.com,
travel@usatoday.com,
cupid@opushotel.com,
place@11.30am,
dustin@twitter.com,
consbras@brazilmiami.org,
Lorraine.Barrett@floridamoves.com,
dockmaster@epicmarina.com,
lazygirls@gmail.com,
20ian@swankmartini.com,
admin@swankmiamihotels.com,
brian.rubine@ihrco.com,
bookings@southbeachgroup.com,
info@southbeachgroup.com,
starts@6.30,
info@oldwillow.co.za,
info-sierraranch@telkomsa.net,
info@eightbells.co.za,
place@9.1,
casareserve@atlanticbb.net,
divTexto@mainModel.IndexOf,
IR@theWSRgroup.com,
visiato@gmail.com,
Hip@Heart.The,
Reporters@WorldPropertyChannel.com,
info@pira-international.com,
help@support.expedia.com.au,
stores@DotDeals.com,
codes@couponsdad.com,
Us@www.bestvalueinngranadahills.com,
hydehall@rhs.org.uk,
chris@cgb.co.uk,
country.parks@essexcc.gov.uk,
gm@goldmanproperties.com,
sales@goldmanproperties.com,
meetings@theparkcentral.com,
spatod@thompsonhotels.com,
Links@Miami-Hotels-Discount-Resorts.com,
booking@ChoiceHotels.com,
stays@ChoiceHotels.com,
hosts@salsamia.com,
info@igougo.com,
errolsilverman@yahoo.com,
quality.sal@realhotelsandresorts.com,
comfortinn.sanmiguel@realhotelsandresorts.com,
inter.mga@realhotelsandresorts.com,
online@choicehotels.com,
privacy@lowfares.com,
hrno.sales@hyatt.com,
Reservations@islandone.com,
editor@Frommers.com,
room@2.10am,
Blog@prontohotel.com,
dmcanotices@supermedia.com,
guestrelationsemea@ihg.com,
lmacgreg@wiley.com,
bob@abc2.ca,
info@realtravel.com,
zspa@zoceanhotelsouthbeach.com,
reception@zoceanhotelsouthbeach.com,
reservations@zoceanhotelsouthbeach.com,
infomiami@driversrentacar.com,
meetings@oceanpointresort.com,
weddings@oceanpointresort.com,
aquagenespa@oceanpointresort.com,
admin@soflanights.com,
Patrick@MarcoPoloBeachResort.com,
resvdept@MarcoPoloBeachResort.com,
Student@K.S.R,
info@theinnatkeywest.com,
Adeeb@www.jitours.com,
courtyard-by-marriott-lake-buena-vista-@-vista-centre.html,
suppliersupport@cvent.com,
surveysupport@cvent.com,
customercare@cvent.com,
info@JustLuxe.com,
early@11.30am,
OR@NIGHT...YOU,
reservations@thelofthotel.com,
online@LQ.com,
over@SuperYachts.com,
jweinstein@hotelsmag.com,
jfranklin@mtgmediagroup.com,
dhogan@hotelsmag.com,
bluna@homesteadmaimispeedway.com,
ccorrons@homesteadmiamispeedway.com,
bluna@homesteadmiamispeedway.com,
adsales@skyauction.com,
contato@viajandoparaorlando.com,
links@crescentsuites.com,
bamabw@msn.com,
dreambelieverpr@gmail.com,
feedback@liligo.com,
info@baokhanhhotel.com.vn,
rentals@ovrentals.com,
support@go-miami-hotels.com,
support@go-orlando-hotels.com,
groupbooking@hotelsbyhotels.com,
support@hotelsbyhotels.com,
DarrellWaltrip@writers.foxsports.com,
3Wide@foxsports.com,
today@VacationRentals.com!,
us.@12.47,
marketing@homeaway.com,
sgoldberg@homeaway.com,
info@hotelsbyhotels.com,
hr@splendia.com,
sylvain.deltor@splendia.com,
sara.vandeste@splendia.com,
jwarshaw@atlanticstars.com,
customer_support@EasyClickTravel.com,
bmurguido@meninhotels.com,
mcespedes@meninhotels.com,
gpavon@meninhotels.com,
sus.beltran@southbeachgroup.com,
webmaster@travelholdings.com,
Webmaster@EasyClickTravel.com,
events@savoymiami.com,
marinas@ci.miami.fl.us,
located@www.skyauction.com,
Here@Cheapflights.com,
private.residences@fourseasons.com,
residence.clubs@fourseasons.com,
Miriam.gallegos@fourseasons.com,
Spa@Turnberry.With,
privacyoffice@ichotelsgroup.com,
amber@bltsteak.com,
reservations@thebetsyhotel.com,
Diego@CheapHotels.com,
info@winterhavenhotelsobe.com,
desk@305.621.5801,
Beach@CheapHotels.com,
Vancouver@CheapHotels.com,
info@miamiteak.com,
Rooms@CheapRooms.com,
Price@CheapRooms.com,
us@www.arshtcenter.org,
account-recovery-noreply@google.com,
free@www.google.com,
advertising@tablethotels.com,
corporateplans@tablethotels.com,
jobs@tablethotels.com,
support@miami-hotels-search.com,
customerservice@hotelscheap.org,
service@hotelhotline.com,
info@themiamihostel.com,
bubbles7504@yahoo.com,
dallas@fairmont.com,
nilecity@fairmont.com,
chateauwhistlerresort@fairmont.com,
here@Miami.NYCTourist.com!,
processing@hotel.de,
booking@sapa-tours.com,
editors@fodors.com,
sales@thepalmshotel.com,
insiders@PlanetWare.com!,
Board@hotel.de,
-@hotel.info,
puntadelesteinfo@conradhotels.com,
sales@epicmiami.com,
spa@thepalmshotel.com,
spa@trumpmiami.com,
meetings@conradbali.com,
sellersupport@nextag.com,
concierge@trumpmiami.com,
Conventions.Brussels@conradhotels.com,
faq@holidaycity.com,
made@LowFareKing.com,
Starting@LowFareKing.com,
Buy@AllPosters.com,
experts@ParkSleepFly.com,
Jack@ParkSleepFly.com,
southbeachkayak@hotmail.com,
20Jkeller@keygroup.tv,
front_desk@raleighhotel.com,
refund@ParkSleepFly.com,
sales@hotelurbano.com,
info@hiexberkely.com,
info@check-in.com.au,
catering@thepalmshotel.com,
concierge@thepalmshotel.com,
webmaster@vlmdirect.com,
vibe@hotelvictorsouthbeach.com,
salesvicto@hotelvictorsouthbeach.com,
reservations@trumpmiami.com,
press@lhw.com,
info@lhw.com,
lhwsales@lhw.com,
republic@BookIt.com!,
barbara.rojas@pira-international.com,
laura.limoge@pira-international.com,
careers@comfortsuitesmiami.com,
hotelhelp@choicehotels.com,
pay.@Quikbook.com,
sales@thekenthotel.com,
start@yourwebsite.com,
contact@jrank.org,
bdm@themiami.com.au,
fodorspublicity@randomhouse.com,
3Avacation@southseashotel.com,
privatedining@donshulahotel.com,
sales@donshulahotel.com,
media@donshulahotel.com,
Richard@schechergroup.com,
christianne.nunez@southbeachgroup.com,
lauren.swerdloff@southbeachgroup.com,
accounting@southbeachgroup.com,
suppliers@check-in.com.au,
privacy@viator.com,
sponsorship@dealbase.com,
privacy@thayerinteractive.com,
OptOut@LuxuryResorts.com,
sales@grandbeachhotel.com,
ereynolds@grandbeachhotel.com,
tpworking@swireproperties.com,
ppshopping@swireproperties.com,
pad@swireproperties.com,
Jessica_Bautz@timeinc.com,
TIMEmag_app_support@timeinc.com,
contact@TIME.com,
reservations@miamielpalaciosportshotel.com,
ONLINE@ROOMRATE.COM,
privacy@cheaperthanhotels.com,
info@miami-hotels-south-beach.com,
info@royalsouthbeach.com,
Blog@WordPress.com,
us@877.775.5783,
info@phuket-islandhopper.com,
advertising@planetware.com,
customerprivacy@preferredhotelgroup.com,
hours@1.646.274.1505,
info@luxuryhotels-lasvegas.com,
services@LuxuryHotels-LasVegas.com,
vacation@avalonhotel.com,
disco@12.45,
arrived@1.00,
details@biztradeshows.com!,
bill.fortier@hilton.com,
andrew.clough@hilton.com,
patrick.fitzgibbon@hilton.com,
bpg@onetravel.com,
sanjuanhotel@gmail.com,
accounts@gatheringguide.com,
press-inquiries@cheapflights.com,
cheap.tilgert@gmail.com,
FrontDesk@CongressHotelSouthBeach.com,
frontdesk@congresshotelsouthbeach.com,
info@clayhotel.com,
article@NextMovie.com,
tickets@EventBrite.com,
central@islandone.com,
stop@9.30pm,
budget@Rs3.8trn,
starts@2.50,
Advertising@OneTravel.com,
affiliate@onetravel.com,
WSantiago@Miami-Airport.com,
wsantiago@miami-airport.com,
epinillos@miami-airport.com,
english@all.room,
now@10Best.com!,
editor@cruisemates.com,
JASJ1214@AOL.COM,
support@truewhiteteethwhitening.com,
Peggy.Jimenez@dimdev.com,
Greg.Presnol@dimdev.com,
customerservice@wctravel.com,
tony.novoa@mayfairhotelandspa.com,
promotions@no1hotels.net,
privacy@hotelhotline.com,
contact@tripbase.com,
blog@tripbase.com,
miami@miamicheaphotels.net,
kaycee@inmyalley.com,
media@check-in.com.au,
rodante@live.com,
is@12.30pm,
website@www.about-australia.com,
reply@Hotel-rez.com,
support@discount-hotels-search.com,
human@miami-hotels-search.com,
baysidemarketplace@generalgrowth.com,
located@away.com,
residents@risk.Meanwhile,
info@yeego.com,
corridors@7.30pm,
info@casablancaonthecean.com,
erin@southbeachgroup.com,
miguel.angelo@southbeachgroup.com,
borisdolic@hotmail.com,
info@marseilleshotel.com,
hotline@musicload.de,
media@bromstad.com,
kjs@wmeentertainment.com,
support@SingaporeTravelInsurance.net,
support@cometchat.com,
randy@boardingarea.com,
evening@6.30pm,
only@SingaporeTravelInsurance.net,
employment@sagamorehotel.com,
sales@sagamorehotel.com,
Online@issuu.com,
steve@slayeroffice.com,
now@ebookers.com,
here@ebookers.com,
partners@tripbase.com,
info@miamidowntownlife.com,
image@Dreamstime.com,
community@Dreamstime.com,
raymondproductions@gmail.com,
media@travelchannel.com,
Grill@855.535.3123,
info@dinemag.net,
Project@dmoz.org,
info@justtravel.info,
events@kiphuntermarketing.com,
techcomments@usatoday.com,
Blog@TC.com,
bloggers@TucsonCitizen.com,
alexduong@cigarettesexpress.info,
us@Decodir.com,
rss@dailymotion.com,
page@Hulu.comAfter,
josemiguel@regencyhotelmiami.com,
nicole@regencyhotelmiami.com,
Meredith.Arthur@chow.com,
site@WordPress.com,
vicky@elpalacioresort.com,
info@travelfolks.com,
reservations@miami-hotels-south-beach.com,
Travelocity@Travelocity.com,
contact@getprice.com.au,
info@getprice.com.au,
valerie.pagan@oplhotels.com,
GM@miamidadelandhotel.com,
Rick.McKeown@oceanprop.com,
hotels@Hotels2stay.net,
East@8.1,
peter.goren@dep.state.fl.us,
available@huno.com,
bgtb@brazilmiami.org,
portugal@portugalemb.org,
lanie29730@yahoo.com,
jack@e-biz-travel.com,
help@e-biz-travel.com,
support@hotel-directory.com,
contact@e-biz-travel.com,
OneDayCruiseSale@CountryPlaceTravel.com,
Ashley.Mead@casablancaontheocean.com,
yennys.ballister@hilton.com,
mohamed.z@bizx.info,
advertise22@bizx.info,
hotels@hotels2stay.net,
TravelAndLeisureSSLAdmin@kickapps.com,
reservation@pegasohotels.com,
info@casacartagena.com,
carriers@www.fractional-t1-service.com,
prince@SeanSEO.com,
displays@www.find-displays.com,
news@costar.com,
acasanas@terranovacorp.com,
bthelp@budgettravel.com,
stephen@terranovacorp.com,
blog@WordPress.com,
more.@1800Hotels.com,
info@hotelexcelsiormontreux.ch,
info@worldredeye.com,
fawcett@viddler.com,
accounting@viddler.com,
copyright@viddler.com,
2011-02-13@4.21.55,
constant@0.20,
info@christianfrancisinc.com,
info@christianfrancis.com,
Bay@St.Kitts,
luxtravelagent@yahoo.com,
h0663@sofitel.com,
legal@hotfrog.com.au,
reservations@RedRoof.com,
city@vienna.html,
CCHASSMAN@LUXURYRESORTS.COM,
CChassman@LuxuryResorts.com,
MCANGAS@LUXURYRESORTS.COM,
forums@woodalls.com,
jcronson@carlson.com,
renu.snehi@rezidor.com,
christiane.Reiter@rezidor.com,
us@www.infernodances.com,
2011-09-22@1833.24833.01,
2012-02-03@9357.25357.15,
it@expedia.com,
delirious@localwebsearch.co.uk,
richardkenney@yahoo.com,
rbucci@aclawrence.com,
oc@framenoir.com,
ace@openingceremony.us,
aceorders@openingceremony.us,
dine@dinehere.us,
Women@dailyWD.WomansDay.Com,
robgrant@northnet.org,
admin@iaac.us,
now@Viator.com!,
john@spinoneus.com,
less@TravelExpert.us,
contact@find-hotels.us,
weaselzippers@yahoo.com,
annakendrickus@gmail.com,
Kendrick@LocateTV.com,
found@TravelExpert.us,
us@866.800.3088,
Jobs@Jobyoucan.us,
worldwide@1.1,
info@hotel-las-vegas.us,
stephanie.r.singh@hotmail.com,
NYCNH_DS@hilton.com,
James_Johnson@hilton.com,
NYCNH-SALESADM@hilton.com,
York@Trendlists.com,
webmaster@assembly.state.ny.us,
infinityofme@gmail.com,
megaportal.us@gmail.com,
angen@comcast.net,
rflannery@schools.nyc.gov,
rachel.aker@tisd.org,
ryan.beimer@tisd.org,
natasha.tolleson@tisd.org,
info@zerosec.us,
published@RLSLOG.net,
deals@LateRooms.com,
Only@MountAbu.Com,
thejobboards@gmail.com,
Designs@www.HennaArts.com,
Server@www.blogbytravis.com,
info@webdesign-newyork.us,
nightly@7.30,
info@newyork-luxuryhotels.us,
alex@travelcentermiami.com,
mcriaguirre@yahoo.com,
tony.alcindor@ports1961.com,
support@tuugo.com,
submission@interestingarticles.us,
ldeblois@grandlifehotels.com,
Cid@BigPeace.com,
webadmin@nyhtc.org,
sofitel.newyork@sofitel.com,
David@TravelExpert.us,
goal@www.TravelExpert.us,
tomreese1@yahoo.com,
scotdesign@verizon.net,
candellaconstruction@verizon.net,
editor@hnn.us,
webmaster@co.essex.ny.us,
sales@vietlongtravel.com,
vietlongtravel@gmail.com,
bizdev@americadiary.com,
services@americadiary.com,
more@LastMinuteDeals.us,
info@newyork-limo.us,
webmaster@newyorknyhotels.us,
returns@openingceremony.us,
acereturns@openingceremony.us,
zrobienia.zbyszko.ch@wp.pl,
reservations@hotelchandler.com,
email@newyorklimousine.org,
York@Bestfares.com,
Guides@Amazon.com,
info@Bizfind.us,
answer@www.adarena.blogspot.com,
info@court.us,
info@www.miamicondosolution.com,
mdiaz.houses-apts@hotmail.com,
webmaster@newyorkhoteldeals.us,
Kilweb.dz@gmail.com,
editor@historynewsnetwork.org,
Beth_Braverman@moneymail.com,
more@RLSLOG.net,
hello@vi.sualize.us,
meetings.@iWannago.co,
msillup@bloomberg.net,
ken@snapfoc.us,
deal@airlinesnorthwest.com,
poerlomlaxlep@mytop-in.net,
Apply@www.jobchitchat.com,
only@FORA.tv,
hnneditor@ymail.com,
percentage@44.9,
dogwood7@gmail.com,
supervisor@westportny.net,
town@kvvi.net,
Info@greenport.us,
80.00@www.rightviewpro.com,
info@stadthotel-weinsberg.de,
mmunger@makecor.com,
info@eventlocations.us,
infor@condos.ofpanamacitybeach.com,
waun@vacation-finance.com,
legal@jobsproject.org,
jean.lindholm@labor.state.ny.us,
Lodges@CabinQuest.US,
distribution@metro.us,
Advertise@CabinQuest.US!,
sales@cabinquest.us,
s@46.4,
stands@47.1,
Wolf@zachary.b.wolf,
info@longislandnewyork.us,
mark.osborne@metro.us,
matt.burke@metro.us,
card@MasterCard.com,
customerservice@officialpayments.com,
support@link2gov.com,
available@tinyurl.com,
webmaster@research2go.com,
info@greenport.us,
rates@littlepinecafe.com,
avvisato22@verizon.net,
princewilliamjaguars@gmail.com,
info@libertytickets.us,
download@Apple.com,
traderdog@gmail.com,
restaurantreservations@waldorfnewyork.com,
gordonorr@aol.com,
info@locationsmagazine.com,
scorer@23.6,
Bull_Bear@hilton.com,
Peacock_Alley@hilton.com,
arts@NaturalHealers.com,
AsktheExperts@hstoday.us,
info@mylocalservices.us,
information@hotelgiraffe.com,
hotelres@elyseehotel.com,
service@great-hotels.us,
rooms@casablancahotel.com,
fredericthom@employment911.com,
info@allstarresume.com,
Info@CareerSoar.com,
David@DavidNyceFurniture.com,
Michael@www.md2.de,
dolphins@miamidolphins.com,
Daphne.Forezzi@labor.ny.gov,
contact@joinnewyork.us,
sunsetholidaytravel@gmail.com,
ResNYC@NH-Hotels.com,
GD9957069@WARDAK-5141-550x366.jpg,
brian@broadwaypalm.com,
Office@239.252.9300,
CCSO@239.252.9300,
line@1.800.780.TIPS,
hadijah2010@gmail.com,
growth@11.2,
links@webdesign-newyork.us,
mcrisaguirre@yahoo.com,
info@newyork-limousine.com,
info@songlimousine.com,
careers@nyhtc.org,
rawsex@rawsex.co.kr,
percy7@surf4nix.com,
mpyba@jubiipost.dk,
AffiliateSupport@TravelSpot.US,
affiliatesupport@travelspot.us,
CustomerSupport@TravelSpot.US,
info@stayresusa.com,
T-shirt@HumanSlinky.com,
Feedback@Explore-America.us,
service@military-hotels.us,
MONIQUE@EXPRESSBROKERAGEINC.COM,
JOE.VERMILYEA@GMAIL.COM,
voyagemonkey@gmail.com,
legal@whypark.com,
Supplement@ThePurpleRind.com,
purchase@recentcoupons.com,
infovillas@gmail.com,
strange@all..even,
now@www.kingstoncabinets.co.uk,
bloghajsmy@yahoo.com,
rewards@hotelguides.com,
Seattle@Bestfares.com,
kamy@goldcoastinfolink.com,
sales@etravelblackboard.com,
advertise@hotels-las-vegas.us,
advertise@los-angeles.us,
info@nytours.us,
mailtsales@visavietnamonline.com,
tours@tour-reservations.com,
accounting@tour-reservations.com,
simon@enhance-gigabyte.com,
dcathey@opubco.com,
patricia.kitchen@newsday.com,
hotmail.com@concast.com-txt,
aol.com@hotmail.com,
hotmail.com@concast.com,
me@Daniel.kutis,
available@2.25usd,
h0753@accor.com,
triciarosentreter@peninsula.com,
info@mediabizjobs.com,
aberisha@promedpersonnel.com,
Hoteland@archive.org,
gw@actamail.com,
accessories@radio-factory.com,
Jamie@missionbig.com,
mmicevych@uwnyc.org,
deals@carrentaledmontonairport.com,
codes@CouponSaver247.com,
return@wedding.formaldressesau.com.Once,
rodrigobertolino@gmail.com,
webmaster@onenewspage.com,
office@GoSee.de,
massageenvyhb1@gmail.com,
kris.arashi.sushi@gmail.com,
us@www.vtechplace.com,
office@gosee.de,
hotel@4.00,
report@tendancetv.com,
do@visitlasvegas.com,
annajosephs@gmail.com,
millionews@live.com,
analyst@secondshares.com,
info@anabellalenzu.com,
visualizeus@carbonads.com,
mtsedu@yahoo.com,
ginalia@iod-italianassociation.org,
more@www.jetluxuryresorts.com,
monica_cares147@yahoo.de,
help@nyc.com,
info@newyork.com,
alexandra.h@ba....com,
us@newyork.leads,
snltickets@nbcuni.com,
brguest@cbsnews.com,
audience@jeremykyleusa.com,
tips@villagevoice.com,
icnytsres@ihg.com,
thecut@nymag.com,
paresh.dgp@gmail.com,
ljsanchez@vlex.com,
Department@888.693.6763,
Reservations@888.693.6763,
wellebrecht@nyforme.com,
chrisd@nationalpositions.com,
reservation.staybridge@nyhotelmgmt.com,
barforty@nyhotelmgmt.com,
info@longislandferry.com,
info@blockislandferry.com,
info@easthampton.com,
sotc@villagevoice.com,
sources@Encyclopedia.com,
Army@Encyclopedia.com,
effectively@Encyclopedia.com,
trip.@iWannago.co,
legal@demandmedia.com,
blogquery@nydailynews.com,
webservices@barneys.com,
editorial@broadway.com,
ticketing@broadway.com,
phone@1.800.BROADWAY,
reservations@michelangelohotel.com,
marketing@derbyhotels.com,
corporate@boscolo.com,
reservation@exedranice.boscolo.com,
Sunday@3.30,
Daily@04.45pm,
customerservice@luxurylink.com,
2011-03-31@4.00.54,
info@trumpoceanclub.com,
sales@trumptoronto.com,
info@miamitrumptowers.com,
Jbirdsong@rogersmith.com,
pr@lionesquemedia.com,
experts@CareerBuilder.com,
reprints@careerbuilder.com,
online@www.smithsfoodanddrug.com,
privacy@nymag.com,
customer@yotel.com,
more@www.gayot.com,
more@newyork.citysearch.com,
elaermer@crainsnewyork.com,
afung@crainsnewyork.com,
apasquarelli@crainsnewyork.com,
pr@omnihotels.com,
department@212.519.6642,
commissionresearch@pegs.com,
work@sohogrand.com,
work@tribecagrand.com,
info@yotelnewyork.com,
groups@yotelnewyork.com,
events@nypalace.com,
jjolis@michelangelohotel.com,
guest.services@kitano.com,
reservations@nypalace.com,
jobs@nypalace.com,
events@libraryhotel.com,
sales@michelangelohotel.com,
bpaddock@nydailynews.com,
2t_gHTRi@ZF.u,
more@chicago.citysearch.com,
tonya.inman@ihg.com,
info@thehotelvienna.com,
tickets@Ticketmaster.com,
we@NYC.com,
nyc_events@nyc.com,
michael.silberman@nymag.com,
contact@hotel-lny.com,
AdriaHotel@aol.com,
reservations@adriahotelny.com,
Deals@Hotels-and-Discounts.com,
rooms@city-hotel-new-york.com,
in@hotels-talahina-ok-800x800.jpg,
Shop@SixFlags.com,
Shop@CartoonNetworkShop.com,
Shop@Orbitz.com,
fastcheck@fastcheck.se,
packages@continentalguestservices.com,
man@google.com,
listed@travelfromHere.com,
belvedereconcierge@continentalguestservices.com,
more@nymag.com,
more@www.booking.com,
info@newyorktheatreguide.com,
events@Ticketmaster.com,
info@applecorehotels.com,
b@Ticketmaster.com,
info@Hotels-and-Discounts.com,
needachef@yahoo.com,
press@roughguides.com,
digital.licensing@uk.dk.com,
DKtravelpublicity@us.penguingroup.com,
hakubai@kitano.com,
reservations@kitano.com,
concierge@thepodhotel.com,
peaks@10..9..8,
reservations@blakelynewyork.com,
info@blakelynewyork.com,
fhartman@blakelynewyork.com,
info@holidaycheck.com,
now@easytobook.com,
Deals@iXiGO.com,
advertise@ixigo.com,
info.ny@warwickhotels.com,
webmaster@readio.com,
hostels@Hostelbookers.com,
here@TuscanWay.com,
sales@hotelpenn.com,
alert@indeed.com,
reservations@hotelmetronyc.com,
customer_support@lastminutetravel.com,
Jobs@lastminute.com,
sales@hotel373.com,
info@hotel373.com,
Engelkefarm@yahoo.com,
congratulazioni@lastminute.com,
support@easytobook.com,
paul@troynyhotel.com,
pricematch@lastminute.com,
pinned@30.126,
sohocareers@trumphotels.com,
snowakowski@affinia.com,
akearns@affinia.com,
salescoordination@affinia.com,
meetings@hotelpenn.com,
reservations@hotelpenn.com,
purchase@www.roundaboutsleeves.com,
advertising@eurocheapo.com,
adwords911@gmail.com,
reservations@empirehotelnyc.com,
online@NorthWestPharmacy.com,
comments@eurocheapo.com,
us@www.306090DaySalesPlanSecrets.com,
only@Expedia.com!,
links@discount-hotels-search.com,
info@pointres.com,
contact@voiceplaces.com,
Books@FamilyChristian.com,
Bestsellers@BAMM.COM,
comercial@hotelsearch.com,
chris@kinginklasvegas.com,
engage@imdb.com,
retail@mirage.com,
mobileweb@imdb.com,
article@Collider.com,
info@timessquarealliance.org,
copyrightagent@turner.com,
licensing.agent@turner.com,
info@eventihotel.com,
support@orangesmile.com,
car@orangesmile.com,
info@rightmarkets.com,
info@printrestaurant.com,
deirdre.ryan@ink48.com,
better@Ramada.com,
jeany.ortiz@kimptonhotels.com,
trip@Ramada.com,
online@Ramada.com,
info@alliesinn.com,
inga.taper@kimptonhotels.com,
cbennett@trumphotels.com,
Bennett@212.842.5571,
info@therogernewyork.com,
olgaangelinas@jfkhihotel.com,
kcollins@jfkhihotel.com,
33094@hotel.bestwestern.com,
hotels@Newyorkhotelseye.com,
info@statehouse.com,
more@travel-ticker.com,
deals@www.travel-ticker.com,
services@Newyorkhotelseye.com,
we@Newyorkhotelseye.com,
ictsqsales@ihg.com,
thayer@ny.com,
webmaster@hotelcubahotels.com,
privacy@ixigo.com,
algonquin@newyorkguest.com,
media@hotwire.com,
SCHEDULED@YOURREQUEST..AKA,
ndkatt@ny.com,
sales@hotelmetronyc.com,
Discounts@Hotels-and-Discounts.com,
sales.ny@warwickhotels.com,
catering.ny@warwickhotels.com,
links@New-York-hotels-search.com,
sales@adriahotelny.com,
gbudge@algonquinhotel.com,
guestservice@algonquinhotel.com,
info@nypost.com,
INFO@SubNYClet.com,
justin.waite@rezstream.com,
reservations@marrakechhotelnyc.com,
reservations@Flatotel.com,
info@thegemhotel.com,
support@mycapture.com,
dc101f05956cfc4@apps.messenger.live.com,
67d69d0027b9f625@apps.messenger.live.com,
7b1df9d8dc4e5c27@apps.messenger.live.com,
info@marrakechhotelnyc.com,
r_o_o_m_s@downtown-newyork-hotels.com,
webmaster@penton.com,
partners@startle.com,
ratings@startle.com,
experts@startle.com,
blake.ellis@turner.com,
linkexchange@NewYork-stay.com,
bill.plaschke@latimes.com,
wfrye@niagara.edu,
eric.stoessel@penton.com,
kevin.baxter@latimes.com,
drivers@vertexglobalcorp.com,
reached@robert.hilburn,
2011-10-06@4.28.59,
info@federal-hotel-worldwide.com,
infogildhall@thompsonhotels.com,
infosax@thompsonhotels.com,
directly@877.692.6873,
customerservice@hotels-world.com,
info@hotellolanyc.com,
thaddeus@tonypersonals.com,
suraj@tonypersonals.com,
steven@tonypersonals.com,
info@beausejour-montmartre.com,
tips@observer.com,
blewis@observer.com,
daddario@observer.com,
phernandez@nyx.com,
smachado@nyx.com,
PressOfficeNYSEEuronextLisbon@nyx.com,
resumes@sanctuaryhotelnyc.com,
info@RoslynClaremontHotel.com,
info@roslynclaremonthotel.com,
support@zvents.com,
info@newyorkguest.com,
measured@1.6,
Services@NewYorkGuest.com,
mdykema@jameshotels.com,
andy@jameshotels.com,
jameschicago@jameshotelsconcierge.com,
post@GreggMarcus.com,
dinas@roslynclaremonthotel.com,
webmaster@broadwaybox.com,
page@del.icio.us,
info@paris-jardindecluny.com,
manager@whitehousehotelofny.com,
jthomas@grantassoicatesinc.com,
tickets@Telecharge.com,
michelleshhp2010@gmail.com,
info@mayfairnewyork.com,
accuracy@45.6,
requestinfo@manhattanclub.com,
star@sanctuaryhotelnyc.com,
jkumins@baltzco.com,
DEALS@AMAZON.COM,
FAST@NEWYORK.ORG,
sng@mill-usa.com,
info@westinny.com,
nynjmetromarketleads@starwoodhotels.com,
meetings@westinny.com,
nchan@iroquoisny.com,
info@fitzpatrickhotels.com,
concierge44@iroquoisny.com,
CopyrightClaim@hilton.com,
serhey.dolgushev@nxc.no,
NYCCL_DS@hilton.com,
Sharon.walker@ihg.com,
glenn.fratangelo@ihg.com,
Job@Roomex.com,
howard.portnoy@gmail.com,
guestservices@brguestinc.com,
reservations@fitzpatrickhotels.com,
online@motel6.com,
contact@worldyacht.com,
Info@EasternStarCruises.com,
reservations@manhattanbysail.com,
closed@4pm.The,
down@3.30,
advertise@examiner.com,
opportunities@Examiner.com,
icnytsconc@ihg.com,
royalconnections@intercruises.com,
Nicole@njfpr.com,
info@thepodhotel.com,
reviews@thomascook.com,
events@brguestinc.com,
team@212.331.0328,
jobs@zhotelny.com,
reservations@zhotelny.com,
info@zhotelny.com,
info@theinnatsaratoga.com,
info@thethayerhotel.com,
jehinfo@jumeirah.com,
jehreservations@jumeirah.com,
line@503.445.0135,
lydia.reid@nycsalisbury.com,
Louise@nycsalisbury.com,
concierge@nycsalisbury.com,
xkiesbye@aol.com,
js@navelar.de,
webmaster@new-york-hotels-locator.com,
freezes@-52.6,
tools@indeed.com,
human@New-York-Hotels-Discount-Resorts.com,
support@new-york-hotels-discount-resorts.com,
nye@paramount-nyc.com,
inn@creekstreet.com,
buffalores@mill-usa.com,
unres1@mill-usa.com,
information@once.-,
sales@wolcott.com,
money@travelsupermarket.com,
served@check-in.At,
martha@theinnatsaratoga.com,
sales@thethayerhotel.com,
dmorrow@thethayerhotel.com,
sales@millenniumhotels.com,
Galsworthy530@yahoo.com,
club@thomascook.com,
concierge@sohogrand.com,
sales@sohogrand.com,
guestrelations@sohogrand.com,
concierge.TheBarclay@IHG.com,
Robert.Blasi@IHG.com,
Barbara.Bahny@IHG.com,
Spain@propertyinfoinspain.co.uk,
Spain@hotelinfoinspain.co.uk,
pr@jumeirah.com,
info@briggsnyc.com,
HR@FitzpatrickHotels.com,
lanvier.88@gmail.com,
Venice@Clever-Hotels.com,
reservations@paramount-nyc.com,
up@www.BrainGymClasses.com,
info@indigochelsea.com,
info@hotel17ny.com,
sales@thebrookwoodinn.com,
jdagostino@thebrookwoodinn.com,
info@vervehotel.com,
Sales@ontheave-nyc.com,
sales@ontheave-nyc.com,
Reservations@ontheave-nyc.com,
webmaster@1stnewyorkhotels.com,
Tour@3.30pm,
Jaimie.Laudicina@hershahotels.com,
Renee.Lake@hershahotels.com,
Craig.Goldman@hershahotels.com,
Desk@800.456.4564,
website@www.savorydowntown.com,
tips@guestofaguest.com,
friend1@example.com,
nfriend2@example.com,
site@revelex-CalendarPopup.js,
site@revelex-date.js,
out@nflgiftcards.info,
caltieri@mill-usa.com,
lamato@mill-usa.com,
info@SaratogaArms.com,
belnordhtl@aol.com,
belvedere@newyorkhotel.com,
sales@pearlhotelnyc.com,
low@4.2,
mindrelic@gmail.com,
now@www.Budgetplaces.com,
rup_marwaha@btopenworld.com,
moulton3@msn.com,
cotedivoire7@gmail.com,
ontheave@continentalguestservices.com,
H0753-CR@accor.com,
novotel.newyork@accor.com,
reservations@kimberlyhotel.com,
dpruett@hi-buffaloamherst.com,
catering@hi-buffaloamherst.com,
job@gershwinhotel.com,
askus@gershwinhotel.com,
air@gershwinhotel.com,
info@morningsideinn-ny.com,
liberty@skylink.net,
reservations@excelsiorhotelny.com,
info@hotelmetronyc.com,
info@sentrycenters.com,
kelder@thealexhotel.com,
33133@hotel.bestwestern.com,
pny@peninsula.com,
gm.ny410@choicehotels.com,
directly@212.564.4567,
BAguides@whatsonwhen.com,
globe@Reuters.com,
running@12.6,
emily@hotelgiraffe.com,
empire@amsterdamhospitality.com,
reservation.hbf@royaldemeure.com,
resa@vallondevalrugues.com,
alex@altstadt.at,
cheryl@elyseehotel.com,
info@Elyseehotel.com,
spapny@peninsula.com,
groupsales@broadwaynyc.com,
dterzian@ciicnews.com,
US@GC.1,
press@nileguide.com,
contact@arenes-arles.com,
jobs@hkhotels.com,
service@hkhotels.com,
info@elyseehotel.com,
content@superbreak.com,
NYOwners@TrumpHotels.com,
reservations@milfordplaza.com,
milfordplaza@cityexperts.com,
londonnycconcierge@luxuryresorts.com,
havre.mt@americinn.com,
ecrosen@nycap.rr.com,
Meet@SaratogaArms.com,
meet@saratogaarms.com,
pr@stgilesnewyork.com,
billf@stgilesnewyork.com,
jocasacampo@yahoo.es,
art-madrid@art-madrid.com,
newsletter@superbreak.com,
concierge@empirehotelnyc.com,
groups@chambershotel.com,
ALBTY-SALESADM@hilton.com,
info@thewarwick.co.uk,
info@proud.co.uk,
arnie@ministryofsound.com,
privacy@reachlocal.com,
site@www.reachlocal.com,
inquiries@magellanvacations.com,
Network@212.482.0851,
Center@212.219.2527,
Moderne@amsterdamhospitality.com,
time@Novotel.com,
Reservations@1.800.634.3444,
AmsterdamCourt@amsterdamhospitality.com,
hrpny@peninsula.com,
groupsales@broadwayhotelnyc.com,
customerservice@the-hotels.com,
staff@1.888.814.7014,
assistance@downtownhotelservice.com,
20inquiries@magellanvacations.com,
available@9.95,
reservations@chambershotel.com,
reception@chambershotel.com,
daily@17.95,
BMcNamara@HH-R.com,
reservations@mercerhotel.com,
Accommodation@United-Kingdom-Hotels.co.uk,
sales@vc-h.com,
TPL@www.tpl.org,
Victoria.Seremet@themarkhotel.com,
themark@nadinejohnson.com,
cwaldburg@waldburg-benecke.com,
Book@Super8.com,
Vdeleon@thestrandnyc.com,
scavounis@thestrandnyc.com,
vdeleon@thestrandnyc.com,
editors@RoadsideAmerica.com,
Sjosipovic@luxuryresorts.com,
airlines@ba.com,
map@oneworld.com,
linkseo143@gmail.com,
neeraj@123-new-york-hotel.com,
john.benke@whotels.com,
us@facebook.com,
alex@blueshirtgroup.com,
eloiseattheplaza@fairmont.com,
jlin@trumpintl.com,
reservations@bedfordhotel.com,
GordonRamsayNY@LuxuryResorts.com,
reservations@dtnewyork.com,
photographs@www.picturesofengland.com,
reservations@panamhotel.com,
ently@live.com,
links@newyorkhotelsdeals.com,
reservations.pdx@acehotel.com,
reservations.nyc@acehotel.com,
concierge@kimberlyhotel.com,
THECARLYLE@ROSEWOODHOTELS.COM,
reservations@hotelbelleclaire.com,
info@anchorinn.com,
info@setaififthavenue.com,
info@hotelazure.com,
sales@sanctuaryhotelnyc.com,
woofmeow@whotels.com,
info@h-rsv.com,
mail@nynytours.com,
sales@sinohotel.com,
info@webotech.co.uk,
ksummerson@themilford.com,
info@travelmd.com,
nyhums@pol.net,
online@Super8.com,
trip@Super8.com,
daniel.edstrom2@gmail.com,
info@visitbuffaloniagara.com,
webmaster@e-partnersagency.com,
admin@systemtechcorp.com,
hotels@VEGAS.com,
bhb@iceburg.net,
California@Live.Net,
webmaster@hotelaccommodations.com,
hotels@hotelaccommodations.com,
book@worldweb.com,
info@thealexhotel.com,
servus@hiauburn.com,
auburngsm@hiauburn.com,
press@worldhotels.com,
ecollins@sciencebuff.org,
res@designhotels.com,
stay@DesignHotels.com,
contact@alpinezone.com,
jbellucci@tribune.com,
contact@hotelgansevoort.com,
sales@setaififthavenue.com,
john.yake@starwoodhotels.com,
Contact@EpoqueHotels.com,
info@epoquehotels.com,
paypal@hotelbelleclaire.com,
copyrightagent@support.myspace.com,
privacy@ebayclassifieds.com,
alfaisaliah@rosewoodhotels.com,
littledixbay@rosewoodhotels.com,
reservations@carltonhotelny.com,
cart@shopping.ebay.com,
Hosting@www.ImageShack.us,
Adrian@undiscoveredalps.com,
marketers@Catalogs.com,
marathonvolunteers@buffalo.com,
can@designhotels.com,
jonathan.m@thebeekmanhotel.com,
concierge@thebeekmanhotel.com,
Available@VEGAS.com,
story@Catalogs.com,
Edinburgh@Hostels.com,
c.freeman@designhotels.com,
jfernandez@gramercyparkhotel.com,
reservations@gramercyparkhotel.com,
jennifer.burnett@ihrco.com,
treehuggerlive@livestream.com,
online@SPG.com,
found@SPG.com,
info@panamhotel.com,
info@panamhotelnewyork.com,
GMmaurizio.bonivento@starwoodhotels.com,
NYHelmsleyCatering@starwoodhotels.com,
jobs@worldhotels.com,
customerservice@hostels.com,
displayed@worldhotels.com,
press@ebay.com,
editor@alpinezone.com,
lyokell@wellingtonhotel.com,
sales@wellingtonhotel.com,
Tamara.Lal@thesurrey.com,
info@yellowbot.com,
webmaster@usatourist.com,
webmaster@epoquehotels.com,
info.soho@thegemhotel.com,
radissonconcierge@continentalguestservices.com,
Center@www.TravelMD.com,
tgonyon@thenationalnyc.com,
pdr@thenationalnyc.com,
webmaster@web-hotels.com,
administration@web-hotels.com,
booking@thesurrey.com,
Dodgers@Play.jpg,
salesdept@bedfordhotel.com,
kkinet@sherrynetherland.com,
tnocerino@sherrynetherland.com,
jacosta@sherrynetherland.com,
SpaElan@woodcliffhotelspa.com,
roomswithgreatviews@triad.rr.com,
info@capellahotels.com,
wellingtonhotel@wellingtonhotel.com,
jenniferhattam@treehugger.com,
Pablo@TreeHugger.com,
naomi.s@thebeekmanhotel.com,
martin.reid@ihrco.com,
ed.blum@ihrco.com,
agaffney@chrco.com,
cpascale@himanview.com,
info.chelsea@thegemhotel.com,
info.midtownwest@thegemhotel.com,
sarrah.candee@thesurrey.com,
concierge@flatotel.com,
sales@flatotel.com,
specialevents@flatotel.com,
accounting@bedfordhotel.com,
sales@woodcliffhotelspa.com,
ccalderon@shopping.com,
advertise@hostels.com,
Leslie_Silver@dkcnews.com,
Melissa_Sgaglione@dkcnews.com,
help@yellowbot.com,
dmoffat@thebenjamin.com,
unsubscribe@nynytours.com,
FAQ@nynytours.com,
Kate@sirencommunications.com,
Suzi@gansevoorthotelgroup.com,
cancun.regency@hyatt.com,
CityExpertsConcierge@CityExperts.com,
jhulbert@woodcliffhotelspa.com,
Rooms@sheraton.com,
officemail@new-york-hotels-usa.com,
officemail@www.new-york-hotels-usa.com,
gm@comfortinnuniversity.com,
sales@comfortinnuniversity.com,
frontdesk@comfortinnuniversity.com,
RadissonLexington@cityexperts.com,
info@heraldsquarehotel.com,
resevations@heraldsquarehotel.com,
nfo@heraldsquarehotel.com,
weddings@anchorinn.com,
Belleclaire@continentalguestservices.com,
info@hotel99.com,
reservations@hotel99.com,
sales@hotel99.com,
reservations@cosmohotel.com,
plakamoto@yahoo.com,
info@o3design.eu,
info@fantasiabg.com,
Tatiana@tatianarestaurant.com,
info@kashtite.com,
Server@www.chinadreamsbg.com,
info@scandinavia.ru,
office@sosedo.biz,
info@maxbarrestaurant.com.au,
info@onfire.bg,
example@onfire.bg,
krivoto1@abv.bg,
info@zavedenia.com,
marry@hasanova.info,
kitaiskia@gmail.com,
niichka@yahoo.com,
tablehopper@gmail.com,
bazar@bulinfo.net,
info@aglaiahotel.com,
info@restoran.us,
stanimaka@rodopiportal.com,
SSTodorov@abv.bg,
baiar@mail.bg,
info@fhhotel.info,
marketing@victoria.bg,
bugs@vbox7.com,
shawarmagrillhouse@hotmail.com,
bat@cateringburgas.com,
it@grifidhotels.com,
support@bg-pochivka.com,
hotel_montana3400@abv.bg,
biscuitsamara@mail.ru,
t_traykov@mail.bg,
moni36@abv.bg,
info@resto.ru,
mitniza1@abv.bg,
info@webfactory.bg,
alek@webfactory.bg,
irina@webfactory.bg,
brandon.aaron@gmail.com,
paul.bakaus@googlemail.com,
tanuki@tanuki.ru,
resto@resto.bg,
sznov@abv.bg,
irbis0@abv.bg,
edelvais_edelvais@abv.bg,
v5v@abv.bg,
mimi07@mail.bg,
info@monusmargarita.ee,
office@mi-4.com,
bgtonpero@gmail.comSkype,
info@studentskigrad.eu,
n@bg-atlanta.com,
info@bg-atlanta.com,
bonie_clyde@abv.bg,
restoran-hotelsalut@mail.ru,
blog@investor.bg,
info@talnikov.com,
privacy-bg@netlog.com,
sales@goldshine.cn,
Online@harrods.com,
customer@karta.ua,
reservations@sauvageberlin.com,
info@sudar.ru,
sudarrestoran@mail.ru,
am_gal_star@abv.bg,
contact@makedonskakuka.com,
nrltd@012.net.il,
office@mig-travel.info,
software@infobox.bg,
20office@infobox.bg,
office@infobox.bg,
neptunerestaurant@yahoo.com,
beautysalon1212@gmail.com,
music@radioplovdiv.bg,
jori@joriwhitepr.co.uk,
samantha@joriwhitepr.co.uk,
restaurant@skybluemallorca.com,
kupetz3@yandex.ru,
3@yandex.ru,
info@trescanorthend.com,
tresca233@yahoo.com,
blagotour@abv.bg,
office@hatinka.com.ua,
sport@radioplovdiv.bg,
info@aileanchraggan.co.uk,
hotelfocus@yahoo.com,
hotelfocus@abv.bg,
daniela@antea.bg,
ufamenu@mail.ru,
focus@focus-news.net,
sales@focus-news.net,
makaronniki@gmail.com,
employers@ceevee.com,
gpalace@solo.bg,
detektivi@abv.bg,
buynowfromusa@abv.bg,
contacts@ok-restaurant.ru,
corinne.tucci@gmail.com,
cristina81581@gmail.com,
website@www.paintingsgifts4u.com,
utro@radioplovdiv.bg,
office@loyal-travel.com,
info@loyal-travel.com,
info@plazma-studio.com,
liza.subbotina@gmail.com,
anna_solovieva@mail.ru,
info@xxxxbar.ru,
group@gordonramsay.com,
fregathotel@ukr.net,
e-mailfregathotel@ukr.net,
menu@aozzora.com,
info@viachappa.ru,
info@mastergood.com.ua,
reception@hotel1812.com,
marsk@svitonline.com,
office@afiorisofia.com,
info@obqvi.net,
support@obqvi.net,
alinbeauty@abv.bg,
info@derriere-resto.com,
bgvisit@gmail.com,
restaurant_rouge@abv.bg,
info@restorantsvgeorgi.com,
savoygrill@gordonramsay.com,
privatedining@gordonramsay.com,
info@baliguide.com,
info@geckogo.com,
info@ahtubabar.ru,
reservation@fire-ice.eu,
help@yakitoriya.ru,
info@rodopiportal.com,
info@sbarro.ru,
sales@suharevka.ru,
office@jusoft.net,
office@ruseinfo.net,
banqueting@bayerischerhof.de,
wingtsun_haskovo@abv.bg,
wt_vidin@abv.bg,
wt_karlovo@abv.bg,
divino@mail.bg,
globalcenter.eu@gmail.com,
rent@planet-hospitality.ru,
office@liquidsoft.eu,
restorant@bulgary.bg,
bulgarians@abv.bg,
prepress@manager.bg,
tzmiltenova@manager.bg,
nstrigulev@manager.bg,
resume@main-street.ru,
framden@yandex.ru,
office@nickym.com,
ssc@skyscrapercity.com,
info@tour-admin.com,
mebelividenov@gmail.com,
office@chambersz.com,
v.kukensky@abv.bg,
rshterkova@venusbg.net,
pr@vci.ru,
dscfphoto@yahoo.com,
info@orientbg.com,
zharova@pris.org.ua,
deqn.xodjev@abv.bg,
EuropeanaEU@flickr.com,
only@9.30pm,
holidayvillage.diplomat@gmail.com,
e-mail-stepbol@abv.bg,
info@obiavidnes.com,
hotels@relina.com,
office@plastic-sofia.com,
7736988@mail.ru,
akvaya@abv.bg,
info@restsindikat.com,
tanuki_marketing@mail.ru,
razvitiya@tanuki.ru,
ivaniko@mail.bg,
reservation@eleven.az,
info@abacus.pl,
customersupport@petrossian.com,
johnlee@abv.bg,
restoran-odessa@yandex.ru,
warren.casari@gmail.com,
info@riminiclub.com,
siluet@primex-bg.com,
drama.ruse@gmail.com,
info@grabo.bg,
pr@kibea.net,
tastoicheva@gmail.com,
admin@cafe-vologda.ru,
admin@vitafarm.ru,
slusla.yo@gmail.com,
rosmeb@mail.ru,
inakta@mail.ru,
economics.school.restoran-sub@subscribe.ru,
poland@sunnywind.com,
vasprotocol@bitex.com,
apelativ@prb.bg,
vss_adm@inet.bg,
vakancia@gbsbar.ru,
chinaforum@chinadaily.com.cn,
zhuyuan@chinadaily.com.cn,
office@pixeldepo.com,
headoffice@shtastliveca.com,
ivo@shtastliveca.com,
20info@oxidoz.com,
info@sunnywind.com,
license@magentocommerce.com,
Koreanhouse@rambler.ru,
office@balkanjewel.com,
info@bakupalace.com,
inform@vz.ru,
seminars@kibea.net,
Neele@swife.com,
starskijule@mail.ru,
koledjikov@kol-bg.com,
office.varna@microinvest.net,
tarnovo@microinvest.net,
office@microinvest.net,
mayorkardjali@mail.bg,
obstinski_savet_kj@mail.bg,
ardino@abv.bg,
podshoffe@ukr.net,
comment@bgvesti.com,
listed@IzRestorana.ru,
info@gandliar.com,
office_gp@prb.bg,
op_burgas@prb.bg,
wine@bendida.eu,
mejdu_redovete@abv.bg,
gmutino@yahoo.it,
mail@lido.az,
terin.irina@mail.ru,
uk@tarasbulba.ru,
info@trtpro.ru,
roman@mail.ru,
a.a.maleev@gmail.com,
every0@mail.ru,
us@866.745.0262,
VdaraWeddings@Vdara.com,
Sales@702.862.1559,
privacy@companyname.com,
ristorante@giardino.italiano.ru,
sltrap@mail.ru,
kolluda@mail.ru,
luchana_cafe@ukr.net,
safronov@li.ru,
resume@tarasbulba.ru,
apukhtina@kartamir.com.ua,
apukhtina@karta.ua,
info@guide-bulgaria.com,
bgvisit@gmail.com!,
sales_team@iphotostock.co.uk,
oxccgyuf821@gmail.com,
mmontoya@campus.cem.itesm.mx,
gratin@rambler.ru,
kopito_to@mail.bg,
pinthai_pattaya@hotmail.com,
bargrill@nimb.dk,
reservation@9.30pm,
info@nimb.dk,
bashmaroseika@bk.ru,
bashnabash@bk.ru,
questions@panoramio.com,
info@shumensint.com,
info@pizzahut.bg,
mihail_rol@mail.bg,
givanov@gmail.com,
peking1234567@yahoo.com.cn,
apsheron.res@yandex.ru,
info@artstroyspb.ru,
pr@menu.ru,
editor@menu.ru,
adv@menu.ru,
info@gorodvkusa.ru,
moroo@abv.bg,
tvarleva@aster.net,
Recipes@Home.I,
Petricone@gmail.com,
info@casa-pizza.eu,
windsorpub@mail.ru,
bluespa@bayerischerhof.de,
info@bayerischerhof.de,
office@restorantpanorama.com,
webmaster@philippopolis.com,
chanove_1986@abv.bg,
diona@diona-caffe.ru,
builder@Wix.com,
mail@demolink.org,
puchkovkv@mail.ru,
clocked@1.5GHz,
dfsm2001@yandex.ru,
silviq_gadjeva@abv.b,
info@skybluemallorca.com,
reservations@bluemoon.bg,
service@suharevka.ru,
pozitivpark@gmail.com,
978978@mail.ru,
vanya_st88@abv.bg,
minikolova@mail.bg,
razrabotkite@abv.bg,
caspiy.ny@gmail.com,
contact@cabra.bg,
webdesign@art.bg,
nagl16@mail.ru,
vstefanov@dirbg.com,
expert@www.vi.net,
info@kapli-rest.ru,
info@baden-restaurant.com,
restaurant@kring.bg,
office@okeanbg.com,
okean@okeanbg.com,
rca4eva@yahoo.com,
rest_national@abv.bg,
podpiska@vedomosti.ru,
malmo.turism@malmo.se,
b_b@abv.bg,
lstoqnov70@abv.bg,
wine@vedomosti.ru,
info@tokyobay.ru,
dior_design@ukr.net,
part1zanho@gmail.com,
prince-edward-island@techie.com,
prispaska@abv.bg,
radkoaleks@abv.bg,
info@chezdominique.fi,
evrasia-info@mail.ru,
2dinfo@mail.ru,
olgaamelnik@inbox.ru,
MrChang.sushi@gmail.com,
.tarkov8778@mail.ru,
kea1982@tut.by,
Leichka@tut.by,
asisdes@gmail.com,
info@arenarestaurant.com,
sasa@happy.bg,
headsofia@amsterdambg.com,
admin@amsterdambg.com,
vs72@mail.ru,
l.komarova@vedomosti.ru,
Melanie@mysticalindiatravel.com,
kater89@72.ru,
rfnz103@mail.ru,
webmaster@sabre-tech.com,
e37@ix.netcom.com,
sales@ars-t.ru,
mariatyumi@gmail.com,
info@alonaburger.com,
hotel_restorant_chairite@abv.bg,
hotel_kestenite@abv.bg,
alafrangite@abv.bg,
ds@etel.bg,
arlet2@abv.bg,
office@divirazkazi.com,
fishnes@mail.ru,
info@bulgarianproperties.com,
fta.advisor@gmail.com,
videnova@mandm.bg,
office@bulgarianproperties.com,
restorant@vkasti.com,
i.stoykova@economynews.bg,
s.jordanova@economynews.bg,
office@economynews.bg,
rimini@riminibg.com,
office@bgglobe.net,
ramazonka@mail.ru,
office@standartnews.com,
frankenstein@glendola.co.uk,
lipsky@karta.ua,
sochieda@ya.ru,
s.borisova@resto.ru,
mari-bina@mail.ru,
amdc2000@mail.ru,
7532911@mail.ru,
konstantin.vulkov@darik.net,
mea12.87@rambler.ru,
simsims2@mail.ru,
almaz2001@mail.ru,
info@agustin.by,
ps88@tut.by,
usadba2010@mail.ru,
reklama2000@yahoo.com,
admin@rusrek.com,
pr@museumruse.com,
unicorn@journey.bg,
torecruit@21stcentury.com.cn,
admin@BGCompanies.NET,
support@unigids.lv,
info@traditsya.ru,
rossen.potzkov@viaozonica.com,
denitza.yonkova@viaozonica.com,
admin@restoran.ru,
editor@restoran.ru,
home@sunmoon.bg,
stobibg@mail.bg,
thegoldenapple@abv.bg,
hotel.niko@hotel-niko.hr,
info@knjazhij.com,
guest@miaflorence.ru,
info@estonianpages.com,
info@regalbg.net,
reservation@fellini.lv,
support@focus-news.net,
marketing@triniti-soft.com,
payments@trafficexcess.com,
customerservice@trafficexcess.com,
restaurant@gloriapalace.net,
info@chn-express.com.ua,
office@kamelia-company.com,
bobi@domain.bg,
info.bg@kolektiva.net,
info@resto.az,
info@dimyat.net,
katy@2k.ua,
contact@obqvi.net,
vdy1@mail.ru,
dorohina@rambler.ru,
gitspb@mail.ru,
zagorka375@abv.bg,
arteks_design@abv.bg,
reklama@chatoff.by,
afisha@chatoff.by,
info@chatoff.by,
info@fellini.ee,
hello@balicyber.net,
dps.admin@indo.net.id,
reklama@jobless.bg,
admin@jobless.bg,
privacy@demolink.org,
mail@inclouds.ru,
adv@mosmenu.ru,
info@Restorania.com,
info@dolomitemountains.com,
info@nsk.resto.ru,
office@fire-ice.eu,
ivancho@24chasa.bg,
webmaster@24chasa.bg,
krasimir.boev@egt-bg.com,
colomba@sanmarcohotels.com,
ewilder@adn.com,
behansen@gci.net,
isirinakd@yahoo.com,
uralsib@sbarro.ru,
info@restoclubnsk.ru,
privilege2@grecotel.gr,
director@benvenuto.su,
rest@hotelodeon.net,
hotel@hotelodeon.net,
dama.pika@sellinet.net,
irina.roussenova@gmail.com,
classicpizza1@abv.bg,
design@suharevka.ru,
news@ruseinfo.net,
reservation@gocentralasia.com,
admin@eatrest.com,
chevermeto@chevermeto-bg.com,
manager@chevermeto-bg.com,
mail@namestnik68.ru,
ristorante@giorgiobaldi.com,
gribbl21@gmail.com,
arahis73@mail.ru,
info@gianni.ee,
sales@alinadesign.net,
info@root-246.com,
info@blackpearl.nnov.ru,
spbadv@menu.ru,
spbeditor@menu.ru,
restaurant@festasofia.com,
ani_ani75@abv.bg,
join-style@laser.sparklist.com,
info@restaurantlebed.com,
PetrossianWeHo@petrossian.com,
restaurant@petrossian.com,
odessa@vitis.com.ua,
event@confetti.od.ua,
email@domain.com,
careers@omexcorp.com,
info@omexcorp.com,
trust@cleaningwell.com,
webmaster@cleaningwell.com,
paulo@cleaningwell.com,
jmarek@cleannetusa.com,
poliveira@cleannetusa.com,
ccho@cleannetusa.com,
answers@Coverall.com,
mantos@sspr.com,
IndustryReport@Coverall.com,
xxxxxxx@xxxxx.com,
gina.kamler@servicemaster.com,
TheMaidsInfo@Maids.com,
today@703.436.9986,
reservations@saintgeorgepalace.com,
V@.Y,
office@zamacat.eu,
elenahouse@mail.bg,
mail@yovchevatakashta.com,
nikolay.gospodinov@seznam.cz,
g_stoichev@mail.ru,
info@blackburnoccasionwear.co.uk,
sylvainromand@patisserieholdings.co.uk,
jonhassall@patisserieholdings.co.uk,
carloorza@valeriecafe.co.uk,
talita@pressaporter.com.br,
patricia@pressaporter.com.br,
info@alo.bg,
reklama@alo.bg,
info@villa15-deluxe.de,
sxyjewellery@gmail.com,
adv@cars.bg,
info@cars.bg,
Richard@richarddavies.us,
office@ngrbg.com0893,
GEORGIEV_VASKO@YAHOO.COM6.75HP,
admin@obiavi-bg.com,
manifestinteractive@gmail.com,
helios.energy@abv.bg,
adv.dimitrov@mail.bg,
diyanalaw@abv.bg,
liliya.borisova@abv.bg,
cs@goldenpages.bg,
eurolang@abv.bg,
nemsky@abv.bg,
contact@advokatibg.eu,
advokatsimeonova@yahoo.com,
office@rainbowzoom.co.uk,
deannal.agason@gmail.com,
sales@925silvercharms.co.uk,
eevgeniev@hotmail.com,
office@travelo-bg.info,
noproblemionbalance@hotmail.com,
